,Condicion Cuenta,Cuenta,Tipo de evento,Evento cercano,Link,Relacion con tema,ID
,A favor,Peluca Milei,Desfavorable,Primer paro nacional,https://www.youtube.com/watch?v=eHOu3uRagOc,No,eHOu3uRagOc
,A favor,Peluca Milei,Desfavorable,Primer paro nacional,https://www.youtube.com/watch?v=awdZ18tP9zw,No,awdZ18tP9zw
,A favor,Peluca Milei,Desfavorable,Marcha federal universitaria,https://www.youtube.com/watch?v=qwYz0jO_x24&t=2s,No,qwYz0jO_x24
,A favor,Peluca Milei,Desfavorable,Crisis diplomatica España,https://www.youtube.com/watch?v=M1U2O-uqvDo,Si,M1U2O-uqvDo
,A favor,Peluca Milei,Desfavorable,Crisis diplomatica España,https://www.youtube.com/watch?v=Pp4BL3zzQTw,Si,Pp4BL3zzQTw
,A favor,Peluca Milei,Desfavorable,Crisis alimentos Capital Humano,https://www.youtube.com/watch?v=43Ew_JYSOAg,No,43Ew_JYSOAg
,A favor,Peluca Milei,Desfavorable,Crisis alimentos Capital Humano,https://www.youtube.com/watch?v=3i-dmgxatjc,Si,3i-dmgxatjc
,A favor,Peluca Milei,Neutral,24 de marzo,https://www.youtube.com/watch?v=82ouEyAkGrI,No,82ouEyAkGrI
,A favor,Peluca Milei,Neutral,20 de junio,https://www.youtube.com/watch?v=6Ol1UIccsU0,No,6Ol1UIccsU0
,A favor,Peluca Milei,Neutral,25 de mayo,https://www.youtube.com/watch?v=rKIFE9iXvpQ,Si,rKIFE9iXvpQ
,A favor,Peluca Milei,Favorable,Presentación de libro,https://www.youtube.com/watch?v=nLjtl20j49Q,Si,nLjtl20j49Q
,A favor,Peluca Milei,Favorable,Aprobación total Ley bases,https://www.youtube.com/watch?v=lpk5Eko-Kwg,Si,lpk5Eko-Kwg
,A favor,Peluca Milei,Favorable,Reunion con Elon Musk,https://www.youtube.com/watch?v=v4kMHJA0Vls,No,v4kMHJA0Vls
,En contra,País de boludos,Desfavorable,Marcha federal universitaria,https://www.youtube.com/watch?v=bKgHPHMNa2k,Si,bKgHPHMNa2k
,En contra,País de boludos,Desfavorable,Crisis diplomatica España,https://www.youtube.com/watch?v=SQuweBXpvVQ,No,SQuweBXpvVQ
,En contra,País de boludos,Desfavorable,Crisis alimentos Capital Humano,https://www.youtube.com/watch?v=Ftp-v73Vo5w,Si,Ftp-v73Vo5w
,En contra,País de boludos,Favorable,Presentación de libro,https://www.youtube.com/watch?v=QXoIcF4Dhkc,Si,QXoIcF4Dhkc
,En contra,País de boludos,Favorable,Aprobación total Ley bases,https://www.youtube.com/watch?v=czgoifUm0TQ,Si,czgoifUm0TQ
,Neutral,Infobae,Desfavorable,Primer paro nacional,https://www.youtube.com/watch?v=vHuOaFi3FhU,Si,vHuOaFi3FhU
,Neutral,Infobae,Desfavorable,Primer paro nacional,https://www.youtube.com/watch?v=BsyA5POiywg,Si,BsyA5POiywg
,Neutral,Infobae,Neutral,8 de marzo,https://www.youtube.com/watch?v=3wf7Xc0G5E8,Si,3wf7Xc0G5E8
,Neutral,La Nacion,Desfavorable,Primer paro nacional,https://www.youtube.com/watch?v=2XN6Mgpn5KQ,Si,2XN6Mgpn5KQ
,Neutral,La Nacion,Desfavorable,Primer paro nacional,https://www.youtube.com/watch?v=gjBlVP5BNzg,Si,gjBlVP5BNzg
,Neutral,La Nacion,Desfavorable,Primer paro nacional,https://www.youtube.com/watch?v=1FOBFt1DUFU,Si,1FOBFt1DUFU
,Neutral,La Nacion,Desfavorable,Primer paro nacional,https://www.youtube.com/watch?v=J1g_JWrPnHk,Si,J1g_JWrPnHk
,Neutral,La Nacion,Desfavorable,Primer paro nacional,https://www.youtube.com/watch?v=FSr0pYqCzQ0,Si,FSr0pYqCzQ0
,Neutral,La Nacion,Neutral,8 de marzo,https://www.youtube.com/watch?v=BP5Pr2CQsdA,Si,BP5Pr2CQsdA
,Neutral,La Nacion,Desfavorable,Marcha federal universitaria,https://www.youtube.com/watch?v=KW6lsnTJFnA,Si,KW6lsnTJFnA
,Neutral,La Nacion,Desfavorable,Marcha federal universitaria,https://www.youtube.com/watch?v=Eph76rx-GQs,Si,Eph76rx-GQs
,Neutral,La Nacion,Desfavorable,Marcha federal universitaria,https://www.youtube.com/watch?v=fQLCLi6WbKw,Si,fQLCLi6WbKw
,Neutral,La Nacion,Desfavorable,Marcha federal universitaria,https://www.youtube.com/watch?v=jEmSacpLtdE,Si,jEmSacpLtdE
,Neutral,La Nacion,Desfavorable,Marcha federal universitaria,https://www.youtube.com/watch?v=lDNkHr9NS7U,Si,lDNkHr9NS7U
,Neutral,La Nacion,Desfavorable,Marcha federal universitaria,https://www.youtube.com/watch?v=AM4O1ujZdnI,Si,AM4O1ujZdnI
,Neutral,La Nacion,Desfavorable,Marcha federal universitaria,https://www.youtube.com/watch?v=JWBnNEH3NBY,Si,JWBnNEH3NBY
,Neutral,La Nacion,Desfavorable,Marcha federal universitaria,https://www.youtube.com/watch?v=iQ3WPb53qp0,Si,iQ3WPb53qp0
,Neutral,La Nacion,Desfavorable,Crisis diplomatica España,https://www.youtube.com/watch?v=N6oDtPCRAj8,Si,N6oDtPCRAj8
,Neutral,La Nacion,Desfavorable,Crisis diplomatica España,https://www.youtube.com/watch?v=405cti0GKyo,Si,405cti0GKyo
,Neutral,La Nacion,Desfavorable,Crisis diplomatica España,https://www.youtube.com/watch?v=kc7ZFz0teYY,Si,kc7ZFz0teYY
,Neutral,La Nacion,Desfavorable,Crisis diplomatica España,https://www.youtube.com/watch?v=qR6GfohNgMA,Si,qR6GfohNgMA
,Neutral,La Nacion,Desfavorable,Crisis diplomatica España,https://www.youtube.com/watch?v=buVTjcub7b0,Si,buVTjcub7b0
,Neutral,La Nacion,Desfavorable,Crisis diplomatica España,https://www.youtube.com/watch?v=awWE9EO7_uM,Si,awWE9EO7_uM
,Neutral,La Nacion,Desfavorable,Crisis diplomatica España,https://www.youtube.com/watch?v=NG2q3ZH1jcs,Si,NG2q3ZH1jcs
,Neutral,La Nacion,Desfavorable,Crisis diplomatica España,https://www.youtube.com/watch?v=2wiOYzkcffw,Si,2wiOYzkcffw
,Neutral,La Nacion,Desfavorable,Crisis diplomatica España,https://www.youtube.com/watch?v=8ZeMnr3qzSo,Si,8ZeMnr3qzSo
,Neutral,La Nacion,Desfavorable,Crisis diplomatica España,https://www.youtube.com/watch?v=kgD9g5fkvEk,Si,kgD9g5fkvEk
,Neutral,La Nacion,Desfavorable,Crisis alimentos Capital Humano,https://www.youtube.com/watch?v=NV0DnQHgttg,Si,NV0DnQHgttg
,Neutral,La Nacion,Desfavorable,Crisis alimentos Capital Humano,https://www.youtube.com/watch?v=oeI1X6wfY20,Si,oeI1X6wfY20
,Neutral,La Nacion,Desfavorable,Crisis alimentos Capital Humano,https://www.youtube.com/watch?v=XWYWG3Eky-M,Si,XWYWG3Eky-M
,Neutral,La Nacion,Desfavorable,Crisis alimentos Capital Humano,https://www.youtube.com/watch?v=uN16DSUEO9w,Si,uN16DSUEO9w
,Neutral,La Nacion,Desfavorable,Crisis alimentos Capital Humano,https://www.youtube.com/watch?v=zWHofogKxjk,Si,zWHofogKxjk
,Neutral,La Nacion,Desfavorable,Crisis alimentos Capital Humano,https://www.youtube.com/watch?v=POf_xCcGu_8,Si,POf_xCcGu_8
,Neutral,La Nacion,Desfavorable,Crisis alimentos Capital Humano,https://www.youtube.com/watch?v=ITS2js31zV8,Si,ITS2js31zV8
,Neutral,La Nacion,Desfavorable,Crisis alimentos Capital Humano,https://www.youtube.com/watch?v=HKnIZ8JyLpA,Si,HKnIZ8JyLpA
,Neutral,La Nacion,Desfavorable,Crisis alimentos Capital Humano,https://www.youtube.com/watch?v=04GCLC93DI4,Si,04GCLC93DI4
,Neutral,La Nacion,Desfavorable,Crisis alimentos Capital Humano,https://www.youtube.com/watch?v=5LADv4eBKGs,Si,5LADv4eBKGs
,Neutral,La Nacion,Desfavorable,Crisis alimentos Capital Humano,https://www.youtube.com/watch?v=5pnqf4azzdo,Si,5pnqf4azzdo
,Neutral,La Nacion,Neutral,24 de marzo,https://www.youtube.com/watch?v=mzwW5lZny_k,Si,mzwW5lZny_k
,Neutral,La Nacion,Neutral,24 de marzo,https://www.youtube.com/watch?v=RnPmihkGPt0,Si,RnPmihkGPt0
,Neutral,La Nacion,Neutral,25 de mayo,https://www.youtube.com/watch?v=MB2TkGuqcoI,Si,MB2TkGuqcoI
,Neutral,La Nacion,Neutral,25 de mayo,https://www.youtube.com/watch?v=gymK5OKFLcI,Si,gymK5OKFLcI
,Neutral,La Nacion,Neutral,25 de mayo,https://www.youtube.com/watch?v=9S3z-T6rO-A,Si,9S3z-T6rO-A
,Neutral,La Nacion,Neutral,25 de mayo,https://www.youtube.com/watch?v=RasymRQzmII,Si,RasymRQzmII
,Neutral,La Nacion,Neutral,25 de mayo,https://www.youtube.com/watch?v=XiBPYWPYaTc,Si,XiBPYWPYaTc
,Neutral,La Nacion,Neutral,25 de mayo,https://www.youtube.com/watch?v=NRTzEy4lFR8,Si,NRTzEy4lFR8
,Neutral,La Nacion,Neutral,20 de junio,https://www.youtube.com/watch?v=XJCxBJBoe8c,Si,XJCxBJBoe8c
,Neutral,La Nacion,Neutral,20 de junio,https://www.youtube.com/watch?v=E0U12cqH0z8,Si,E0U12cqH0z8
,Neutral,La Nacion,Favorable,Reunion con Elon Musk,https://www.youtube.com/watch?v=2xaUOaO9jpo,Si,2xaUOaO9jpo
,Neutral,La Nacion,Favorable,Reunion con Elon Musk,https://www.youtube.com/watch?v=FR4oGCOGNy0,Si,FR4oGCOGNy0
,Neutral,La Nacion,Favorable,Reunion con Elon Musk,https://www.youtube.com/watch?v=_hAvCeVGnaI,Si,_hAvCeVGnaI
,Neutral,La Nacion,Favorable,Reunion con Elon Musk,https://www.youtube.com/watch?v=FvKkVWRWMyo,Si,FvKkVWRWMyo
,Neutral,La Nacion,Favorable,Inflación abril,https://www.youtube.com/watch?v=yS83u64K3vY,Si,yS83u64K3vY
,Neutral,La Nacion,Favorable,Inflación abril,https://www.youtube.com/watch?v=njEFWhGEOSg,Si,njEFWhGEOSg
,Neutral,La Nacion,Favorable,Inflación abril,https://www.youtube.com/watch?v=XGmG_TT31XM,Si,XGmG_TT31XM
,Neutral,La Nacion,Favorable,Inflación abril,https://www.youtube.com/watch?v=x19bU9Sdmg4,Si,x19bU9Sdmg4
,Neutral,La Nacion,Favorable,Inflación abril,https://www.youtube.com/watch?v=aVRj9ISARRc,Si,aVRj9ISARRc
,Neutral,La Nacion,Favorable,Presentación de libro,https://www.youtube.com/watch?v=gcSojKpXKfc,Si,gcSojKpXKfc
,Neutral,La Nacion,Favorable,Presentación de libro,https://www.youtube.com/watch?v=aTYWJnkRMtM,Si,aTYWJnkRMtM
,Neutral,La Nacion,Favorable,Presentación de libro,https://www.youtube.com/watch?v=C_Bi0nBPXWM,Si,C_Bi0nBPXWM
,Neutral,La Nacion,Favorable,Presentación de libro,https://www.youtube.com/watch?v=j_sUR_FlMRM,Si,j_sUR_FlMRM
,Neutral,La Nacion,Favorable,Presentación de libro,https://www.youtube.com/watch?v=1s2OXJR2pa4,Si,1s2OXJR2pa4
,Neutral,La Nacion,Favorable,Presentación de libro,https://www.youtube.com/watch?v=rwMFmHSssjY,Si,rwMFmHSssjY
,Neutral,La Nacion,Favorable,Presentación de libro,https://www.youtube.com/watch?v=44so2DJWDeY,Si,44so2DJWDeY
,Neutral,La Nacion,Favorable,Aprobación total Ley bases,https://www.youtube.com/watch?v=nAeI5plzCNU,Si,nAeI5plzCNU
,Neutral,La Nacion,Favorable,Aprobación total Ley bases,https://www.youtube.com/watch?v=qX1uPHpOpT4,Si,qX1uPHpOpT4
,Neutral,La Nacion,Favorable,Aprobación total Ley bases,https://www.youtube.com/watch?v=srPJ8V7wtMo,Si,srPJ8V7wtMo
,Neutral,La Nacion,Favorable,Aprobación total Ley bases,https://www.youtube.com/watch?v=hoRfQL6-Tm8,Si,hoRfQL6-Tm8
,Neutral,La Nacion,Favorable,Aprobación total Ley bases,https://www.youtube.com/watch?v=RfGuGKk2vzs,Si,RfGuGKk2vzs
,Neutral,La Nacion,Favorable,Aprobación total Ley bases,https://www.youtube.com/watch?v=z-TGITUK-u8,Si,z-TGITUK-u8
,En contra,Revolución Popular Noticias,Desfavorable,Primer paro nacional,https://www.youtube.com/watch?v=zxdrKgB41Qw,Si,zxdrKgB41Qw
,En contra,Revolución Popular Noticias,Desfavorable,Primer paro nacional,https://www.youtube.com/watch?v=Et23GpvpJ-g,Si,Et23GpvpJ-g
,En contra,Revolución Popular Noticias,Desfavorable,Primer paro nacional,https://www.youtube.com/watch?v=xUgTzY3oDC0,Si,xUgTzY3oDC0
,En contra,Revolución Popular Noticias,Desfavorable,Primer paro nacional,https://www.youtube.com/watch?v=0qd8oUMbuSo,Si,0qd8oUMbuSo
,En contra,Revolución Popular Noticias,Desfavorable,Primer paro nacional,https://www.youtube.com/watch?v=OY5urLoFnv8,Si,OY5urLoFnv8
,En contra,Revolución Popular Noticias,Desfavorable,Primer paro nacional,https://www.youtube.com/watch?v=hvbcBRXtQfA,Si,hvbcBRXtQfA
,En contra,Revolución Popular Noticias,Desfavorable,Primer paro nacional,https://www.youtube.com/watch?v=sXMUAglrOIk,Si,sXMUAglrOIk
,En contra,Revolución Popular Noticias,Desfavorable,Primer paro nacional,https://www.youtube.com/watch?v=XyFxhanLryY,Si,XyFxhanLryY
,En contra,Revolución Popular Noticias,Neutral,8 de marzo,https://www.youtube.com/watch?v=IsCwlmeX6gk,Si,IsCwlmeX6gk
,En contra,Revolución Popular Noticias,Neutral,24 de marzo,https://www.youtube.com/watch?v=Ivg9l4Gqe4c,Si,Ivg9l4Gqe4c
,En contra,Revolución Popular Noticias,Neutral,24 de marzo,https://www.youtube.com/watch?v=nicWGC3pYA0,Si,nicWGC3pYA0
,En contra,Revolución Popular Noticias,Neutral,24 de marzo,https://www.youtube.com/watch?v=vfMz5hWDDE4,Si,vfMz5hWDDE4
,En contra,Revolución Popular Noticias,Neutral,24 de marzo,https://www.youtube.com/watch?v=prLEPPSK-DU,Si,prLEPPSK-DU
,En contra,Revolución Popular Noticias,Neutral,24 de marzo,https://www.youtube.com/watch?v=NZr_yIXvIcc,Si,NZr_yIXvIcc
,En contra,Revolución Popular Noticias,Neutral,24 de marzo,https://www.youtube.com/watch?v=QQP8odvKk1c,Si,QQP8odvKk1c
,En contra,Revolución Popular Noticias,Desfavorable,Marcha federal universitaria,https://www.youtube.com/watch?v=ZdP7MzbiuoM,Si,ZdP7MzbiuoM
,En contra,Revolución Popular Noticias,Desfavorable,Marcha federal universitaria,https://www.youtube.com/watch?v=UQ7-kUx8WYE,Si,UQ7-kUx8WYE
,En contra,Revolución Popular Noticias,Desfavorable,Marcha federal universitaria,https://www.youtube.com/watch?v=ImbXYgdM1Tk,Si,ImbXYgdM1Tk
,En contra,Revolución Popular Noticias,Desfavorable,Marcha federal universitaria,https://www.youtube.com/watch?v=TnINq4sGZlE,Si,TnINq4sGZlE
,En contra,Revolución Popular Noticias,Desfavorable,Marcha federal universitaria,https://www.youtube.com/watch?v=OBb7cissysc,Si,OBb7cissysc
,En contra,Revolución Popular Noticias,Desfavorable,Marcha federal universitaria,https://www.youtube.com/watch?v=Cm5H9DCiYYs,Si,Cm5H9DCiYYs
,En contra,Revolución Popular Noticias,Desfavorable,Marcha federal universitaria,https://www.youtube.com/watch?v=1Vxvpkly5xo,Si,1Vxvpkly5xo
,En contra,Revolución Popular Noticias,Desfavorable,Marcha federal universitaria,https://www.youtube.com/watch?v=gLWQihSLsc0,Si,gLWQihSLsc0
,En contra,Revolución Popular Noticias,Desfavorable,Marcha federal universitaria,https://www.youtube.com/watch?v=eXveZJ45AP0,Si,eXveZJ45AP0
,En contra,Revolución Popular Noticias,Desfavorable,Marcha federal universitaria,https://www.youtube.com/watch?v=9lfA6NPhgpE,Si,9lfA6NPhgpE
,En contra,Revolución Popular Noticias,Desfavorable,Marcha federal universitaria,https://www.youtube.com/watch?v=xVv-4e9CHvw,Si,xVv-4e9CHvw
,En contra,Revolución Popular Noticias,Desfavorable,Marcha federal universitaria,https://www.youtube.com/watch?v=_E2u_e2_YlI,Si,_E2u_e2_YlI
,En contra,Revolución Popular Noticias,Desfavorable,Marcha federal universitaria,https://www.youtube.com/watch?v=hXNHQ0Ko6Ss,Si,hXNHQ0Ko6Ss
,En contra,Revolución Popular Noticias,Desfavorable,Marcha federal universitaria,https://www.youtube.com/watch?v=PrxrY-Omvd8,Si,PrxrY-Omvd8
,En contra,Revolución Popular Noticias,Desfavorable,Marcha federal universitaria,https://www.youtube.com/watch?v=m8wtOmZnPbs,Si,m8wtOmZnPbs
,En contra,Revolución Popular Noticias,Favorable,Presentación de libro,https://www.youtube.com/watch?v=iMPRlQiD77k,Si,iMPRlQiD77k
,En contra,Revolución Popular Noticias,Favorable,Presentación de libro,https://www.youtube.com/watch?v=vOdTeNX1n2w,Si,vOdTeNX1n2w
,En contra,Revolución Popular Noticias,Desfavorable,Crisis alimentos Capital Humano,https://www.youtube.com/watch?v=dl-NbkihiRU,Si,dl-NbkihiRU
,En contra,Revolución Popular Noticias,Desfavorable,Crisis alimentos Capital Humano,https://www.youtube.com/watch?v=DNB99sTGkMQ,Si,DNB99sTGkMQ
,En contra,Revolución Popular Noticias,Desfavorable,Crisis alimentos Capital Humano,https://www.youtube.com/watch?v=dsGhabAU8fA,Si,dsGhabAU8fA
,En contra,Revolución Popular Noticias,Desfavorable,Crisis alimentos Capital Humano,https://www.youtube.com/watch?v=5tuRId5zCzM,Si,5tuRId5zCzM
,En contra,Revolución Popular Noticias,Desfavorable,Crisis alimentos Capital Humano,https://www.youtube.com/watch?v=ER4GwYCqtOw,Si,ER4GwYCqtOw
,En contra,Revolución Popular Noticias,Desfavorable,Crisis alimentos Capital Humano,https://www.youtube.com/watch?v=fU13-_e6F84,Si,fU13-_e6F84
,En contra,Revolución Popular Noticias,Desfavorable,Crisis alimentos Capital Humano,https://www.youtube.com/watch?v=1YpfYXmHtFE,Si,1YpfYXmHtFE
,En contra,Revolución Popular Noticias,Desfavorable,Crisis alimentos Capital Humano,https://www.youtube.com/watch?v=N3j2LiOdVTA,Si,N3j2LiOdVTA
,En contra,Revolución Popular Noticias,Desfavorable,Crisis alimentos Capital Humano,https://www.youtube.com/watch?v=Dlj4j0QLKk4,Si,Dlj4j0QLKk4
,En contra,Revolución Popular Noticias,Desfavorable,Crisis alimentos Capital Humano,https://www.youtube.com/watch?v=3Lw8WEVh-L8,Si,3Lw8WEVh-L8
,En contra,Revolución Popular Noticias,Desfavorable,Crisis alimentos Capital Humano,https://www.youtube.com/watch?v=NfmHHRVq8Hk,Si,NfmHHRVq8Hk
,En contra,Revolución Popular Noticias,Desfavorable,Crisis alimentos Capital Humano,https://www.youtube.com/watch?v=klIa6yrsIXI,Si,klIa6yrsIXI
,En contra,Revolución Popular Noticias,Desfavorable,Crisis alimentos Capital Humano,https://www.youtube.com/watch?v=Zw7OS9f7so8,Si,Zw7OS9f7so8
,En contra,Revolución Popular Noticias,Desfavorable,Crisis alimentos Capital Humano,https://www.youtube.com/watch?v=VePWzSgNh98,Si,VePWzSgNh98
,En contra,Revolución Popular Noticias,Desfavorable,Crisis alimentos Capital Humano,https://www.youtube.com/watch?v=R7q9MaCsTzA,Si,R7q9MaCsTzA
,En contra,Revolución Popular Noticias,Desfavorable,Crisis alimentos Capital Humano,https://www.youtube.com/watch?v=VUPCzy920sU,Si,VUPCzy920sU
,En contra,Revolución Popular Noticias,Desfavorable,Crisis alimentos Capital Humano,https://www.youtube.com/watch?v=gMKHEHdOeZE,Si,gMKHEHdOeZE
,En contra,Revolución Popular Noticias,Favorable,Aprobación total Ley bases,https://www.youtube.com/watch?v=rMomfuPg5so,Si,rMomfuPg5so
,En contra,Revolución Popular Noticias,Favorable,Aprobación total Ley bases,https://www.youtube.com/watch?v=MugnRHlWki8,Si,MugnRHlWki8
,En contra,Revolución Popular Noticias,Favorable,Aprobación total Ley bases,https://www.youtube.com/watch?v=RJ9Bj_RxnWU,Si,RJ9Bj_RxnWU
,En contra,Revolución Popular Noticias,Favorable,Aprobación total Ley bases,https://www.youtube.com/watch?v=-olOhwd8Vbs,Si,-olOhwd8Vbs
,En contra,Revolución Popular Noticias,Favorable,Aprobación total Ley bases,https://www.youtube.com/watch?v=hATiKcuOOf8,Si,hATiKcuOOf8
,En contra,Revolución Popular Noticias,Favorable,Aprobación total Ley bases,https://www.youtube.com/watch?v=pHabM7i0JoY,Si,pHabM7i0JoY
,A favor,Urgente Milei,Desfavorable,Primer paro nacional,https://www.youtube.com/watch?v=hFh40kR6yNQ,Si,hFh40kR6yNQ
,A favor,Urgente Milei,Desfavorable,Primer paro nacional,https://www.youtube.com/watch?v=Geg07Z4S8mA,Si,Geg07Z4S8mA
,A favor,Urgente Milei,Favorable,Reunion con Elon Musk,https://www.youtube.com/watch?v=VkNqFllhMfQ,Si,VkNqFllhMfQ
,A favor,Urgente Milei,Favorable,Inflación abril,https://www.youtube.com/watch?v=GjE0ZTfbBQI,Si,GjE0ZTfbBQI
,A favor,Urgente Milei,Favorable,Inflación abril,https://www.youtube.com/watch?v=YxJLSfgqfu4,Si,YxJLSfgqfu4
,A favor,Urgente Milei,Desfavorable,Crisis diplomatica España,https://www.youtube.com/watch?v=fWLBxgfb-mo,Si,fWLBxgfb-mo
,A favor,Urgente Milei,Desfavorable,Crisis diplomatica España,https://www.youtube.com/watch?v=YbTmdvEN1j4,Si,YbTmdvEN1j4
,A favor,Urgente Milei,Desfavorable,Crisis diplomatica España,https://www.youtube.com/watch?v=RzBlSlE2CnA,Si,RzBlSlE2CnA
,A favor,Urgente Milei,Favorable,Presentación de libro,https://www.youtube.com/watch?v=7ooigGBl-g4,Si,7ooigGBl-g4
,A favor,Urgente Milei,Neutral,25 de mayo,https://www.youtube.com/watch?v=9aX6qaUwMCQ,Si,9aX6qaUwMCQ
,A favor,Urgente Milei,Favorable,Aprobación total Ley bases,https://www.youtube.com/watch?v=eKBgVNkaPt8,Si,eKBgVNkaPt8
,A favor,Urgente Milei,Favorable,Aprobación total Ley bases,https://www.youtube.com/watch?v=4VLbv3WlnQE,Si,4VLbv3WlnQE
,En contra,El Destape,Desfavorable,Primer paro nacional,https://www.youtube.com/watch?v=F4cYB0D5zuY,Si,F4cYB0D5zuY
,En contra,El Destape,Desfavorable,Primer paro nacional,https://www.youtube.com/watch?v=12zul8Vi7uE,Si,12zul8Vi7uE
,En contra,El Destape,Desfavorable,Primer paro nacional,https://www.youtube.com/watch?v=dXnG-PFpo84,Si,dXnG-PFpo84
,En contra,El Destape,Desfavorable,Primer paro nacional,https://www.youtube.com/watch?v=OUunxqKo7lc,Si,OUunxqKo7lc
,En contra,El Destape,Desfavorable,Primer paro nacional,https://www.youtube.com/watch?v=z_mVwBrWSOM,Si,z_mVwBrWSOM
,En contra,El Destape,Neutral,8 de marzo,https://www.youtube.com/watch?v=bPy0oFK4aKE,Si,bPy0oFK4aKE
,En contra,El Destape,Neutral,8 de marzo,https://www.youtube.com/watch?v=JsGYjJPeHpg,Si,JsGYjJPeHpg
,En contra,El Destape,Neutral,24 de marzo,https://www.youtube.com/watch?v=x_aQpjwktek,Si,x_aQpjwktek
,En contra,El Destape,Neutral,24 de marzo,https://www.youtube.com/watch?v=kNgwiP6yKSY,Si,kNgwiP6yKSY
,En contra,El Destape,Neutral,24 de marzo,https://www.youtube.com/watch?v=MHB-dkOLHmY,Si,MHB-dkOLHmY
,En contra,El Destape,Neutral,24 de marzo,https://www.youtube.com/watch?v=Q2lxlsJG3kg,Si,Q2lxlsJG3kg
,En contra,El Destape,Neutral,24 de marzo,https://www.youtube.com/watch?v=jlZkamvVz_A,Si,jlZkamvVz_A
,En contra,El Destape,Neutral,24 de marzo,https://www.youtube.com/watch?v=Wwv9MNeiwqw,Si,Wwv9MNeiwqw
,En contra,El Destape,Neutral,24 de marzo,https://www.youtube.com/watch?v=2nOdW-9vc0s,Si,2nOdW-9vc0s
,En contra,El Destape,Neutral,24 de marzo,https://www.youtube.com/watch?v=txnlq75RjCY,Si,txnlq75RjCY
,En contra,El Destape,Neutral,24 de marzo,https://www.youtube.com/watch?v=Hx224-3VMr8,Si,Hx224-3VMr8
,En contra,El Destape,Desfavorable,Marcha federal universitaria,https://www.youtube.com/watch?v=jACymCp0X_g,Si,jACymCp0X_g
,En contra,El Destape,Desfavorable,Marcha federal universitaria,https://www.youtube.com/watch?v=lERV25lkdVw,Si,lERV25lkdVw
,En contra,El Destape,Desfavorable,Marcha federal universitaria,https://www.youtube.com/watch?v=ayCs5B3aft4,Si,ayCs5B3aft4
,En contra,El Destape,Desfavorable,Marcha federal universitaria,https://www.youtube.com/watch?v=6UEiqaYqGbY,Si,6UEiqaYqGbY
,En contra,El Destape,Desfavorable,Marcha federal universitaria,https://www.youtube.com/watch?v=dH5vZ14CD9c,Si,dH5vZ14CD9c
,En contra,El Destape,Desfavorable,Marcha federal universitaria,https://www.youtube.com/watch?v=FFeaVW5tiVk,Si,FFeaVW5tiVk
,En contra,El Destape,Desfavorable,Marcha federal universitaria,https://www.youtube.com/watch?v=RRxM6SaHfzk,Si,RRxM6SaHfzk
,En contra,El Destape,Desfavorable,Marcha federal universitaria,https://www.youtube.com/watch?v=HIvCNdxU6Ko,Si,HIvCNdxU6Ko
,En contra,El Destape,Desfavorable,Marcha federal universitaria,https://www.youtube.com/watch?v=Oudt2ayEIv4,Si,Oudt2ayEIv4
,En contra,El Destape,Desfavorable,Marcha federal universitaria,https://www.youtube.com/watch?v=Kwjwc7lBEqc,Si,Kwjwc7lBEqc
,En contra,El Destape,Desfavorable,Marcha federal universitaria,https://www.youtube.com/watch?v=NLkqUIWvBwk,Si,NLkqUIWvBwk
,En contra,El Destape,Desfavorable,Marcha federal universitaria,https://www.youtube.com/watch?v=gsgxo4HqdCM,Si,gsgxo4HqdCM
,En contra,El Destape,Desfavorable,Marcha federal universitaria,https://www.youtube.com/watch?v=5-46sDbZc_E,Si,5-46sDbZc_E
,En contra,El Destape,Desfavorable,Marcha federal universitaria,https://www.youtube.com/watch?v=cOcFXNfIsJ4,Si,cOcFXNfIsJ4
,En contra,El Destape,Favorable,Presentación de libro,https://www.youtube.com/watch?v=-12B_4IHcHA,Si,-12B_4IHcHA
,En contra,El Destape,Favorable,Presentación de libro,https://www.youtube.com/watch?v=lng0avA9nP4,Si,lng0avA9nP4
,En contra,El Destape,Favorable,Presentación de libro,https://www.youtube.com/watch?v=YiqDW5E7eKM,Si,YiqDW5E7eKM
,En contra,El Destape,Favorable,Presentación de libro,https://www.youtube.com/watch?v=LH9eqDx9yUM,Si,LH9eqDx9yUM
,En contra,El Destape,Favorable,Presentación de libro,https://www.youtube.com/watch?v=euolgn9qP2Q,Si,euolgn9qP2Q
,En contra,El Destape,Favorable,Presentación de libro,https://www.youtube.com/watch?v=Kx23laWM_6k,Si,Kx23laWM_6k
,En contra,El Destape,Favorable,Presentación de libro,https://www.youtube.com/watch?v=m5M99zB86ps,Si,m5M99zB86ps
,En contra,El Destape,Favorable,Presentación de libro,https://www.youtube.com/watch?v=ljnckFPo1r0,Si,ljnckFPo1r0
,En contra,El Destape,Desfavorable,Crisis alimentos Capital Humano,https://www.youtube.com/watch?v=BNRRaXmnMPg,Si,BNRRaXmnMPg
,En contra,El Destape,Desfavorable,Crisis alimentos Capital Humano,https://www.youtube.com/watch?v=8WCZfuaF5cU,Si,8WCZfuaF5cU
,En contra,El Destape,Desfavorable,Crisis alimentos Capital Humano,https://www.youtube.com/watch?v=jz3siAmaJUY,Si,jz3siAmaJUY
,En contra,El Destape,Desfavorable,Crisis alimentos Capital Humano,https://www.youtube.com/watch?v=DKbcOpOuj0g,Si,DKbcOpOuj0g
,En contra,El Destape,Desfavorable,Crisis alimentos Capital Humano,https://www.youtube.com/watch?v=knyXZxZpw18,Si,knyXZxZpw18
,En contra,El Destape,Desfavorable,Crisis alimentos Capital Humano,https://www.youtube.com/watch?v=TdXQebrZgBU,Si,TdXQebrZgBU
,En contra,El Destape,Desfavorable,Crisis alimentos Capital Humano,https://www.youtube.com/watch?v=TjXLCGm8CYM,Si,TjXLCGm8CYM
,En contra,El Destape,Desfavorable,Crisis alimentos Capital Humano,https://www.youtube.com/watch?v=a5qjO_NuXwQ,Si,a5qjO_NuXwQ
,En contra,El Destape,Desfavorable,Crisis alimentos Capital Humano,https://www.youtube.com/watch?v=SdWYW1WZTuo,Si,SdWYW1WZTuo
,En contra,El Destape,Desfavorable,Crisis alimentos Capital Humano,https://www.youtube.com/watch?v=A9LteAmr7eI,Si,A9LteAmr7eI
,En contra,El Destape,Desfavorable,Crisis alimentos Capital Humano,https://www.youtube.com/watch?v=zgXPaISv2XI,Si,zgXPaISv2XI
,En contra,El Destape,Desfavorable,Crisis alimentos Capital Humano,https://www.youtube.com/watch?v=Yc6mj6ZkYPI,Si,Yc6mj6ZkYPI
,En contra,El Destape,Desfavorable,Crisis alimentos Capital Humano,https://www.youtube.com/watch?v=hKWm-FhORNM,Si,hKWm-FhORNM
,En contra,El Destape,Favorable,Aprobación total Ley bases,https://www.youtube.com/watch?v=5W8DA4haoMs,Si,5W8DA4haoMs
,En contra,El Destape,Favorable,Aprobación total Ley bases,https://www.youtube.com/watch?v=jYAnhMnuXS0,Si,jYAnhMnuXS0
,En contra,El Destape,Favorable,Aprobación total Ley bases,https://www.youtube.com/watch?v=t8LI9Q3kLcU,Si,t8LI9Q3kLcU
,En contra,El Destape,Favorable,Aprobación total Ley bases,https://www.youtube.com/watch?v=tI6OhC_YmvU,Si,tI6OhC_YmvU
,En contra,El Destape,Favorable,Aprobación total Ley bases,https://www.youtube.com/watch?v=IdNO7b2G3eg,Si,IdNO7b2G3eg
,En contra,El Destape,Favorable,Aprobación total Ley bases,https://www.youtube.com/watch?v=O2OY5oqZUN4,Si,O2OY5oqZUN4
,En contra,El Destape,Favorable,Aprobación total Ley bases,https://www.youtube.com/watch?v=R18CYMjzI20,Si,R18CYMjzI20
,En contra,El Destape,Favorable,Aprobación total Ley bases,https://www.youtube.com/watch?v=mvde_S_rm78,Si,mvde_S_rm78
,En contra,El Destape,Favorable,Aprobación total Ley bases,https://www.youtube.com/watch?v=TV8hSeWesXc,Si,TV8hSeWesXc